Date,Transcript,Notes,PPT
Jun 2024,N/A,N/A,https://www.tatamotors.com/wp-content/uploads/2024/06/tata-motors-group-investor-day-presentation.pdf
May 2024,https://www.bseindia.com/xml-data/corpfiling/AttachLive/cfd0020f-d9cc-4148-9606-10eb86705ffd.pdf,N/A,https://www.tatamotors.com/wp-content/uploads/2024/05/q4fy24-presentation-1.pdf
Mar 2024,N/A,N/A,https://aicl-mum-bucket.s3.ap-south-1.amazonaws.com/Production/www-tatamotors-com-NEW/wp-content/uploads/2024/05/q4fy24-presentation-1.pdf
Feb 2024,https://www.bseindia.com/xml-data/corpfiling/AttachHis/c11e47a4-1619-4267-ab64-7a9a14e11ed8.pdf,N/A,https://aicl-mum-bucket.s3.ap-south-1.amazonaws.com/Production/www-tatamotors-com-NEW/wp-content/uploads/2024/02/Tata-Motors-Investor-presentation-Q3-FY24.pdf
Feb 2024,N/A,N/A,https://www.tatamotors.com/wp-content/uploads/2024/02/Tata-Motors-Investor-presentation-Q3-FY24.pdf
Dec 2023,https://www.bseindia.com/stockinfo/AnnPdfOpen.aspx?Pname=3a82121b-4528-440d-ad7f-22728f47a946.pdf,N/A,https://www.bseindia.com/stockinfo/AnnPdfOpen.aspx?Pname=ceb2ac38-d83d-4813-9e2f-00a2cff253c0.pdf
Sep 2023,N/A,N/A,https://www.tatamotors.com/wp-content/uploads/2023/11/q2fy24-presentation.pdf
Jul 2023,https://www.tatamotors.com/wp-content/uploads/2023/07/tata-motors-group-earnings-call-transcript-q1-fy24.pdf,N/A,https://www.bseindia.com/stockinfo/AnnPdfOpen.aspx?Pname=f58e98cb-d41f-4c7d-94eb-b3975f3d31d5.pdf
Jul 2023,https://aicl-mum-bucket.s3.ap-south-1.amazonaws.com/Production/www-tatamotors-com-NEW/wp-content/uploads/2024/01/q1fy24-earnings-call-transcript.pdf,N/A,https://www.tatamotors.com/wp-content/uploads/2023/07/tata-motors-group-investor-presentation-Q1FY24.pdf
Jun 2023,https://www.bseindia.com/stockinfo/AnnPdfOpen.aspx?Pname=0c81a1b7-bdef-4df1-bd2e-7cb362f50beb.pdf,N/A,https://www.bseindia.com/stockinfo/AnnPdfOpen.aspx?Pname=d3a17db2-17f5-43db-b69c-d272318bf3b7.pdf
May 2023,N/A,N/A,https://www.bseindia.com/stockinfo/AnnPdfOpen.aspx?Pname=f4edb2c0-78a7-4290-8dea-57f978bb853d.pdf
Feb 2023,https://www.bseindia.com/stockinfo/AnnPdfOpen.aspx?Pname=a16e0aea-e5b0-499e-a8a5-f0911a51e244.pdf,N/A,https://www.bseindia.com/stockinfo/AnnPdfOpen.aspx?Pname=94c9b207-6c8c-4952-b062-f2066cb94cd7.pdf
Dec 2022,https://www.bseindia.com/stockinfo/AnnPdfOpen.aspx?Pname=b0c9d9f9-4979-497e-8d29-b2f0ccf23fdb.pdf,N/A,https://www.bseindia.com/stockinfo/AnnPdfOpen.aspx?Pname=5fd9edb5-f6fe-4b62-995e-064e36132674.pdf
Nov 2022,N/A,N/A,https://www.bseindia.com/stockinfo/AnnPdfOpen.aspx?Pname=dfe41f3c-ac3b-44b4-8fb0-ed1053c02ac9.pdf
Nov 2022,N/A,N/A,https://www.bseindia.com/stockinfo/AnnPdfOpen.aspx?Pname=b95fcfc0-d452-417f-bb4f-e20ea498ad12.pdf
Aug 2022,https://www.bseindia.com/stockinfo/AnnPdfOpen.aspx?Pname=27b1a9d0-5db1-4b19-a21e-b1a1cb7d4bba.pdf,N/A,https://www.bseindia.com/stockinfo/AnnPdfOpen.aspx?Pname=937faf1d-7146-49da-a10e-d51814b31845.pdf
May 2022,https://www.bseindia.com/stockinfo/AnnPdfOpen.aspx?Pname=d63bde0d-0952-4676-88a6-6d33b4bb2fc1.pdf,N/A,https://www.bseindia.com/stockinfo/AnnPdfOpen.aspx?Pname=1663bbdd-d52f-4b86-8748-f1bd32c2a511.pdf
May 2022,N/A,N/A,https://www.bseindia.com/stockinfo/AnnPdfOpen.aspx?Pname=8f9c4280-a237-4f49-9330-8a4e248ec7aa.pdf
Feb 2022,https://www.bseindia.com/stockinfo/AnnPdfOpen.aspx?Pname=9ce25fee-c848-4a6b-909b-698598cd175a.pdf,N/A,https://www.bseindia.com/stockinfo/AnnPdfOpen.aspx?Pname=155a79a8-fe08-44fe-bff0-d40f096a4b19.pdf
Jan 2022,https://www.tatamotors.com/wp-content/uploads/2022/02/Q3-FY22-earnings-call-transcript.pdf,N/A,N/A
Nov 2021,https://www.tatamotors.com/wp-content/uploads/2021/11/tata-motors-q2-earnings-call-transcript.pdf,N/A,https://www.bseindia.com/stockinfo/AnnPdfOpen.aspx?Pname=d17cbf0c-457f-4102-ae50-a849dedf1088.pdf
Nov 2021,N/A,N/A,https://www.bseindia.com/stockinfo/AnnPdfOpen.aspx?Pname=3e09439f-c4dc-425b-8426-8cb2cfabbec4.pdf
Oct 2021,https://www.tatamotors.com/wp-content/uploads/2021/10/22093739/ev-business-analyst-investor-call-transcript.pdf,N/A,https://www.bseindia.com/stockinfo/AnnPdfOpen.aspx?Pname=edb3c3f4-8baa-4472-b2e4-17400549c8bd.pdf
Jul 2021,https://www.tatamotors.com/wp-content/uploads/2021/08/03093742/Earnings-Call-Transcript-Q1FY22.pdf,N/A,https://www.bseindia.com/stockinfo/AnnPdfOpen.aspx?Pname=8859359d-1248-468e-b7e4-aa9974c5e124.pdf
May 2021,https://www.tatamotors.com/wp-content/uploads/2021/05/31080653/tata-motors-group-analyst-call-transcript-q4fy21.pdf,N/A,N/A
Feb 2021,N/A,N/A,https://www.bseindia.com/stockinfo/AnnPdfOpen.aspx?Pname=5cc79501-158a-4991-bc24-5650ba5b4b0b.pdf
Jan 2021,https://www.tatamotors.com/wp-content/uploads/2021/02/05110935/TATA-Motors-Analyst-Jan29-2021.pdf,N/A,N/A
Oct 2020,https://www.tatamotors.com/wp-content/uploads/2020/11/04071425/TM-Concall-Transcript-Q2FY21.pdf,N/A,N/A
Jul 2020,https://www.tatamotors.com/wp-content/uploads/2020/08/14045300/Tata-Motors-Webcast-Audio-31-July-2020.pdf,N/A,N/A
Jan 2017,https://aicl-mum-bucket.s3.ap-south-1.amazonaws.com/Production/www-tatamotors-com-NEW/wp-content/uploads/2024/03/Results-Concall-Transcript-TML-Q1-FY-17.pdf,N/A,N/A
